-- ============================================================
-- SEED.SQL - ТЕСТОВЫЕ ДАННЫЕ ДЛЯ БАЗЫ ДАННЫХ СПОРТИВНОГО КЛУБА
-- ============================================================
-- Этот файл заполняет базу данных тестовыми данными
-- Запустите после schema.sql: sqlite3 sports_club.db < seed.sql
-- ============================================================

-- Включаем поддержку внешних ключей
PRAGMA foreign_keys = ON;

-- ============================================================
-- 1. ТРЕНЕРЫ
-- ============================================================
INSERT INTO trainers (first_name, last_name, email, phone, specialization, experience_years, hire_date) VALUES
('Иван', 'Петров', 'ivan.petrov@club.ru', '+7-900-123-45-67', 'Фитнес', 8, '2020-01-15'),
('Мария', 'Сидорова', 'maria.sidorova@club.ru', '+7-900-234-56-78', 'Йога', 12, '2019-03-20'),
('Александр', 'Иванов', 'alex.ivanov@club.ru', '+7-900-345-67-89', 'Бокс', 15, '2018-06-10'),
('Елена', 'Козлова', 'elena.kozlova@club.ru', '+7-900-456-78-90', 'Пилатес', 10, '2020-09-05'),
('Дмитрий', 'Смирнов', 'dmitry.smirnov@club.ru', '+7-900-567-89-01', 'Тренажерный зал', 6, '2021-02-14'),
('Ольга', 'Волкова', 'olga.volkova@club.ru', '+7-900-678-90-12', 'Аэробика', 9, '2020-11-30');

-- ============================================================
-- 2. УЧАСТНИКИ
-- ============================================================
INSERT INTO members (first_name, last_name, email, phone, birth_date, age, gender, registration_date, status) VALUES
-- Мужские участники
('Иван', 'Иванов', 'ivan.ivanov1@mail.ru', '+7-910-111-22-33', '1990-05-15', 34, 'М', '2023-06-15', 'Активный'),
('Александр', 'Петров', 'alex.petrov1@mail.ru', '+7-920-222-33-44', '1988-08-20', 36, 'М', '2023-07-20', 'Активный'),
('Дмитрий', 'Сидоров', 'dmitry.sidorov1@mail.ru', '+7-930-333-44-55', '1995-03-10', 29, 'М', '2023-08-10', 'Активный'),
('Сергей', 'Смирнов', 'sergey.smirnov1@mail.ru', '+7-940-444-55-66', '1992-11-25', 32, 'М', '2023-09-05', 'Активный'),
('Андрей', 'Кузнецов', 'andrey.kuznetsov1@mail.ru', '+7-950-555-66-77', '1987-02-14', 37, 'М', '2023-10-12', 'Активный'),
('Алексей', 'Попов', 'alexey.popov1@mail.ru', '+7-960-666-77-88', '1993-07-08', 31, 'М', '2023-11-18', 'Активный'),
('Максим', 'Соколов', 'maxim.sokolov1@mail.ru', '+7-970-777-88-99', '1996-09-30', 28, 'М', '2023-12-01', 'Активный'),
('Владимир', 'Лебедев', 'vladimir.lebedev1@mail.ru', '+7-980-888-99-00', '1989-04-22', 35, 'М', '2024-01-10', 'Активный'),
('Павел', 'Козлов', 'pavel.kozlov1@mail.ru', '+7-991-999-00-11', '1994-12-05', 30, 'М', '2024-02-15', 'Активный'),
('Николай', 'Новиков', 'nikolay.novikov1@mail.ru', '+7-992-000-11-22', '1991-06-18', 33, 'М', '2024-03-20', 'Активный'),
('Иван', 'Морозов', 'ivan.morozov1@mail.ru', '+7-993-111-22-33', '1997-01-12', 27, 'М', '2024-04-05', 'Приостановлен'),
('Александр', 'Волков', 'alex.volkov1@mail.ru', '+7-994-222-33-44', '1986-10-28', 38, 'М', '2023-05-30', 'Активный'),
('Дмитрий', 'Соловьев', 'dmitry.soloviev1@mail.ru', '+7-995-333-44-55', '1998-08-15', 26, 'М', '2024-05-12', 'Активный'),
('Сергей', 'Васильев', 'sergey.vasiliev1@mail.ru', '+7-996-444-55-66', '1990-03-03', 34, 'М', '2023-11-25', 'Неактивный'),
('Андрей', 'Зайцев', 'andrey.zaitsev1@mail.ru', '+7-997-555-66-77', '1992-12-20', 32, 'М', '2024-01-08', 'Активный'),
-- Женские участники
('Мария', 'Иванова', 'maria.ivanova1@mail.ru', '+7-901-111-22-33', '1995-05-20', 29, 'Ж', '2023-06-20', 'Активный'),
('Елена', 'Петрова', 'elena.petrova1@mail.ru', '+7-902-222-33-44', '1993-08-15', 31, 'Ж', '2023-07-25', 'Активный'),
('Анна', 'Сидорова', 'anna.sidorova1@mail.ru', '+7-903-333-44-55', '1996-03-22', 28, 'Ж', '2023-08-15', 'Активный'),
('Ольга', 'Смирнова', 'olga.smirnova1@mail.ru', '+7-904-444-55-66', '1994-11-10', 30, 'Ж', '2023-09-10', 'Активный'),
('Наталья', 'Кузнецова', 'natalya.kuznetsova1@mail.ru', '+7-905-555-66-77', '1991-02-28', 33, 'Ж', '2023-10-18', 'Активный'),
('Екатерина', 'Попова', 'ekaterina.popova1@mail.ru', '+7-906-666-77-88', '1997-07-05', 27, 'Ж', '2023-11-22', 'Активный'),
('Татьяна', 'Соколова', 'tatyana.sokolova1@mail.ru', '+7-907-777-88-99', '1992-09-18', 32, 'Ж', '2023-12-05', 'Активный'),
('Юлия', 'Лебедева', 'yulia.lebedeva1@mail.ru', '+7-908-888-99-00', '1995-04-12', 29, 'Ж', '2024-01-15', 'Активный'),
('Ирина', 'Козлова', 'irina.kozlova1@mail.ru', '+7-909-999-00-11', '1993-12-25', 31, 'Ж', '2024-02-20', 'Активный'),
('Светлана', 'Новикова', 'svetlana.novikova1@mail.ru', '+7-910-000-11-22', '1998-06-08', 26, 'Ж', '2024-03-25', 'Активный'),
('Мария', 'Морозова', 'maria.morozova1@mail.ru', '+7-911-111-22-33', '1990-01-30', 34, 'Ж', '2024-04-10', 'Приостановлен'),
('Елена', 'Волкова', 'elena.volkova1@mail.ru', '+7-912-222-33-44', '1996-10-14', 28, 'Ж', '2023-06-01', 'Активный'),
('Анна', 'Соловьева', 'anna.solovieva1@mail.ru', '+7-913-333-44-55', '1994-08-22', 30, 'Ж', '2024-05-18', 'Активный'),
('Ольга', 'Васильева', 'olga.vasilieva1@mail.ru', '+7-914-444-55-66', '1997-03-16', 27, 'Ж', '2023-10-30', 'Неактивный'),
('Наталья', 'Зайцева', 'natalya.zaitseva1@mail.ru', '+7-915-555-66-77', '1992-12-05', 32, 'Ж', '2024-01-22', 'Активный');

-- ============================================================
-- 3. ЗАНЯТИЯ
-- ============================================================
INSERT INTO classes (name, trainer_id, day_of_week, start_time, duration_minutes, max_participants, room) VALUES
('Утренняя йога', 2, 'Понедельник', '07:00', 60, 15, 'Зал 1'),
('Силовая тренировка', 1, 'Понедельник', '18:00', 90, 20, 'Тренажерный зал'),
('Бокс для начинающих', 3, 'Понедельник', '19:00', 60, 12, 'Боксерский зал'),
('Пилатес', 4, 'Вторник', '09:00', 60, 12, 'Зал 2'),
('Аэробика', 6, 'Вторник', '18:30', 45, 25, 'Зал 1'),
('Йога для продвинутых', 2, 'Среда', '19:00', 75, 10, 'Зал 1'),
('Функциональный тренинг', 5, 'Среда', '18:00', 60, 18, 'Тренажерный зал'),
('Бокс продвинутый', 3, 'Четверг', '19:00', 90, 10, 'Боксерский зал'),
('Стретчинг', 4, 'Четверг', '20:00', 45, 15, 'Зал 2'),
('Кроссфит', 5, 'Пятница', '18:00', 60, 15, 'Тренажерный зал'),
('Йога выходного дня', 2, 'Суббота', '10:00', 90, 20, 'Зал 1'),
('Семейный фитнес', 1, 'Суббота', '11:00', 60, 30, 'Зал 1'),
('Воскресная йога', 2, 'Воскресенье', '09:00', 60, 15, 'Зал 1');

-- ============================================================
-- 4. ПОСЕЩЕНИЯ (примеры за последние недели)
-- ============================================================
-- Посещения на прошлой неделе
INSERT INTO visits (member_id, class_id, visit_date, visit_time, status) VALUES
(1, 1, date('now', '-7 days', 'weekday 1'), '07:00', 'Посещено'),
(2, 2, date('now', '-7 days', 'weekday 1'), '18:00', 'Посещено'),
(3, 3, date('now', '-7 days', 'weekday 1'), '19:00', 'Посещено'),
(4, 4, date('now', '-7 days', 'weekday 2'), '09:00', 'Посещено'),
(5, 5, date('now', '-7 days', 'weekday 2'), '18:30', 'Посещено'),
(6, 6, date('now', '-7 days', 'weekday 3'), '19:00', 'Посещено'),
(7, 7, date('now', '-7 days', 'weekday 3'), '18:00', 'Посещено'),
(8, 8, date('now', '-7 days', 'weekday 4'), '19:00', 'Посещено'),
(9, 9, date('now', '-7 days', 'weekday 4'), '20:00', 'Посещено'),
(10, 10, date('now', '-7 days', 'weekday 5'), '18:00', 'Посещено'),
(16, 1, date('now', '-7 days', 'weekday 1'), '07:00', 'Посещено'),
(17, 2, date('now', '-7 days', 'weekday 1'), '18:00', 'Посещено'),
(18, 3, date('now', '-7 days', 'weekday 1'), '19:00', 'Пропущено'),
(19, 4, date('now', '-7 days', 'weekday 2'), '09:00', 'Посещено'),
(20, 5, date('now', '-7 days', 'weekday 2'), '18:30', 'Посещено'),
(21, 6, date('now', '-7 days', 'weekday 3'), '19:00', 'Посещено'),
(22, 7, date('now', '-7 days', 'weekday 3'), '18:00', 'Посещено'),
(23, 8, date('now', '-7 days', 'weekday 4'), '19:00', 'Посещено'),
(24, 9, date('now', '-7 days', 'weekday 4'), '20:00', 'Посещено'),
(25, 10, date('now', '-7 days', 'weekday 5'), '18:00', 'Посещено'),
(1, 11, date('now', '-7 days', 'weekday 6'), '10:00', 'Посещено'),
(2, 12, date('now', '-7 days', 'weekday 6'), '11:00', 'Посещено'),
(3, 13, date('now', '-7 days', 'weekday 0'), '09:00', 'Посещено'),
(4, 1, date('now', '-14 days', 'weekday 1'), '07:00', 'Посещено'),
(5, 2, date('now', '-14 days', 'weekday 1'), '18:00', 'Посещено'),
(6, 3, date('now', '-14 days', 'weekday 1'), '19:00', 'Посещено'),
(7, 4, date('now', '-14 days', 'weekday 2'), '09:00', 'Посещено'),
(8, 5, date('now', '-14 days', 'weekday 2'), '18:30', 'Посещено'),
(9, 6, date('now', '-14 days', 'weekday 3'), '19:00', 'Посещено'),
(10, 7, date('now', '-14 days', 'weekday 3'), '18:00', 'Посещено');

-- ============================================================
-- 5. ОПЛАТЫ
-- ============================================================
INSERT INTO payments (member_id, amount, payment_date, payment_method, period_start, period_end, status) VALUES
(1, 4000, date('now', '-30 days'), 'Карта', date('now', '-30 days'), date('now'), 'Оплачено'),
(2, 3500, date('now', '-25 days'), 'Онлайн', date('now', '-25 days'), date('now', '+5 days'), 'Оплачено'),
(3, 5000, date('now', '-20 days'), 'Карта', date('now', '-20 days'), date('now', '+10 days'), 'Оплачено'),
(4, 3000, date('now', '-15 days'), 'Наличные', date('now', '-15 days'), date('now', '+15 days'), 'Оплачено'),
(5, 4000, date('now', '-10 days'), 'Карта', date('now', '-10 days'), date('now', '+20 days'), 'Оплачено'),
(6, 6000, date('now', '-5 days'), 'Онлайн', date('now', '-5 days'), date('now', '+25 days'), 'Оплачено'),
(7, 3500, date('now', '-3 days'), 'Банковский перевод', date('now', '-3 days'), date('now', '+27 days'), 'Оплачено'),
(8, 4000, date('now', '-60 days'), 'Карта', date('now', '-60 days'), date('now', '-30 days'), 'Оплачено'),
(9, 5000, date('now', '-90 days'), 'Онлайн', date('now', '-90 days'), date('now', '-60 days'), 'Оплачено'),
(10, 3000, date('now', '-120 days'), 'Наличные', date('now', '-120 days'), date('now', '-90 days'), 'Оплачено'),
(16, 4000, date('now', '-28 days'), 'Карта', date('now', '-28 days'), date('now', '+2 days'), 'Оплачено'),
(17, 3500, date('now', '-22 days'), 'Онлайн', date('now', '-22 days'), date('now', '+8 days'), 'Оплачено'),
(18, 5000, date('now', '-18 days'), 'Карта', date('now', '-18 days'), date('now', '+12 days'), 'Оплачено'),
(19, 3000, date('now', '-12 days'), 'Наличные', date('now', '-12 days'), date('now', '+18 days'), 'Оплачено'),
(20, 4000, date('now', '-8 days'), 'Карта', date('now', '-8 days'), date('now', '+22 days'), 'Оплачено'),
(21, 6000, date('now', '-2 days'), 'Онлайн', date('now', '-2 days'), date('now', '+28 days'), 'Оплачено'),
(22, 3500, date('now', '-1 days'), 'Банковский перевод', date('now', '-1 days'), date('now', '+29 days'), 'Оплачено'),
(23, 4000, date('now', '-65 days'), 'Карта', date('now', '-65 days'), date('now', '-35 days'), 'Оплачено'),
(24, 5000, date('now', '-95 days'), 'Онлайн', date('now', '-95 days'), date('now', '-65 days'), 'Оплачено'),
(25, 3000, date('now', '-125 days'), 'Наличные', date('now', '-125 days'), date('now', '-95 days'), 'Оплачено');

-- ============================================================
-- КОНЕЦ SEED.SQL
-- ============================================================
