account_id,transaction_date,transaction_amount,transaction_type,currency,branch_id,transaction_status,customer_id,transaction_fee,balance_before,balance_after
5,2023-01-22,2694.14,withdrawal,USD,104,failed,1001,53.1,3289.5,542.26
9,2023-01-30,2367.52,deposit,EUR,108,completed,1004,60.65,1982.82,4289.69
5,2023-01-12,591.03,deposit,EUR,103,failed,1000,7.17,3491.62,4075.48
1,2023-01-15,1332.09,deposit,GBP,108,completed,1009,36.95,3973.96,5269.1
1,2023-01-23,107.59,withdrawal,EUR,107,completed,1002,1.36,1704.07,1595.12
1,2023-01-07,1468.7,deposit,GBP,106,failed,1008,37.85,4294.07,5724.92
1,2023-01-16,534.28,withdrawal,USD,102,pending,1007,13.1,3446.64,2899.26
7,2023-01-27,98.54,deposit,GBP,106,pending,1000,1.75,3141.62,3238.41
4,2023-01-17,474.12,deposit,EUR,102,failed,1002,9.08,3647.14,4112.18
4,2023-01-14,1170.7,deposit,USD,109,pending,1002,35.03,955.13,2090.8
4,2023-01-25,1396.42,withdrawal,EUR,101,pending,1003,31.02,2574.53,1147.09
5,2023-01-01,1575.01,withdrawal,EUR,109,failed,1005,34.8,227.87,-1381.94
7,2023-01-23,1406.69,withdrawal,USD,102,pending,1002,21.45,1393.94,-34.2
3,2023-01-30,94.1,deposit,EUR,104,completed,1010,1.89,2212.86,2305.07
2,2023-01-31,388.88,withdrawal,USD,107,failed,1010,7.92,4773.99,4377.19
1,2023-01-14,2862.04,withdrawal,EUR,100,completed,1000,61.77,1670.97,-1252.84
4,2023-01-24,2019.94,deposit,USD,110,completed,1008,39.16,1768.32,3749.1
5,2023-01-28,1228.4,deposit,EUR,102,pending,1009,35.46,2428.03,3620.97
4,2023-01-06,1599.32,withdrawal,GBP,106,failed,1005,19.32,758.85,-859.79
2,2023-01-07,2653.23,deposit,USD,107,pending,1007,57.08,3595.07,6191.22
7,2023-01-25,1777.25,deposit,EUR,109,completed,1005,50.48,4444.54,6171.31
5,2023-01-20,221.52,deposit,EUR,109,completed,1009,2.88,2767.86,2986.5
6,2023-01-05,1516.84,withdrawal,USD,105,failed,1002,27.36,1484.47,-59.73
3,2023-01-15,2697.56,withdrawal,GBP,107,pending,1002,45.27,3586.9,844.07
4,2023-01-03,401.92,withdrawal,USD,110,completed,1006,5.57,983.56,576.07
9,2023-01-28,452.17,withdrawal,USD,104,completed,1001,5.4,3351.16,2893.59
2,2023-01-14,131.97,withdrawal,GBP,108,pending,1003,2.51,1986.15,1851.67
6,2023-01-06,877.93,withdrawal,EUR,103,pending,1001,21.58,1276.76,377.25
4,2023-01-13,2054.76,withdrawal,GBP,103,failed,1010,56.9,952.04,-1159.62
5,2023-01-21,2346.12,withdrawal,GBP,105,pending,1009,37.05,4526.33,2143.16
2,2023-01-06,2818.47,withdrawal,USD,101,pending,1004,49.55,4779.89,1911.87
5,2023-01-24,2341.1,withdrawal,EUR,101,pending,1007,67.73,157.62,-2251.21
4,2023-01-25,1141.91,withdrawal,EUR,106,pending,1001,14.93,4420.19,3263.35
3,2023-01-29,114.62,withdrawal,EUR,100,failed,1005,1.74,559.02,442.66
7,2023-01-23,1497.09,withdrawal,GBP,103,failed,1009,43.93,2330.29,789.27
1,2023-01-03,118.95,deposit,EUR,108,pending,1003,1.59,715.38,832.74
6,2023-01-15,503.82,withdrawal,GBP,109,failed,1008,5.44,4806.85,4297.59
5,2023-01-11,315.05,deposit,GBP,100,pending,1009,9.41,4793.46,5099.1
8,2023-01-21,891.56,deposit,GBP,105,completed,1005,23.32,4382.51,5250.75
1,2023-01-24,2036.45,withdrawal,EUR,106,completed,1006,37.2,4342.69,2269.04
1,2023-01-01,2428.1,deposit,GBP,101,failed,1001,25.71,3961.5,6363.89
6,2023-01-18,1002.92,withdrawal,EUR,109,pending,1006,24.69,3057.09,2029.48
9,2023-01-04,2804.62,deposit,EUR,106,failed,1007,63.64,27.72,2768.7
2,2023-01-12,1700.09,deposit,USD,103,pending,1006,45.43,1696.45,3351.11
10,2023-01-25,1466.97,withdrawal,USD,105,failed,1005,15.52,989.06,-493.43
5,2023-01-05,2052.89,withdrawal,GBP,100,failed,1009,57.07,971.92,-1138.04
4,2023-01-19,2656.52,deposit,GBP,104,pending,1008,79.58,1045.7,3622.64
4,2023-01-22,2195.12,deposit,GBP,107,completed,1005,61.35,3337.36,5471.13
3,2023-01-31,1408.71,withdrawal,USD,108,failed,1001,20.72,122.75,-1306.68
4,2023-01-29,255.51,deposit,GBP,104,pending,1001,7.61,3736.54,3984.44
5,2023-01-04,1571.97,deposit,USD,109,pending,1001,22.09,206.35,1756.23
1,2023-01-27,1632.68,deposit,GBP,101,completed,1006,20.92,3289.8,4901.56
2,2023-01-22,522.3,deposit,USD,105,pending,1005,9.41,1894.91,2407.8
1,2023-01-26,1122.78,deposit,USD,108,completed,1002,29.45,474.94,1568.27
10,2023-01-22,2151.8,withdrawal,EUR,108,pending,1001,42.09,2793.57,599.68
6,2023-01-20,2620.26,withdrawal,GBP,107,pending,1004,60.43,1933.38,-747.31
9,2023-01-15,1420.94,withdrawal,USD,106,completed,1010,24.52,3832.01,2386.55
9,2023-01-11,1836.28,deposit,GBP,100,failed,1007,40.5,4977.92,6773.7
8,2023-01-01,2155.34,withdrawal,EUR,103,pending,1005,37.56,1290.47,-902.43
3,2023-01-26,1224.16,deposit,EUR,100,failed,1002,22.34,3542.23,4744.05
5,2023-01-13,2351.77,withdrawal,EUR,108,completed,1007,41.67,3638.36,1244.92
1,2023-01-03,1553.35,withdrawal,GBP,109,pending,1004,32.08,3421.59,1836.16
10,2023-01-15,2520.63,withdrawal,USD,109,failed,1001,35.32,2734.65,178.7
4,2023-01-20,658.75,deposit,USD,107,completed,1004,12.42,2508.21,3154.54
6,2023-01-24,872.85,withdrawal,GBP,104,failed,1008,10.27,4359.86,3476.74
5,2023-01-23,113.59,withdrawal,USD,100,pending,1003,2.65,2588.22,2471.98
6,2023-01-24,2361.34,withdrawal,USD,106,pending,1005,52.33,1430.99,-982.68
7,2023-01-10,2728.94,deposit,USD,103,failed,1005,67.35,1024.98,3686.57
4,2023-01-13,346.02,deposit,USD,107,completed,1005,6.19,80.8,420.63
9,2023-01-16,2347.31,deposit,USD,101,pending,1005,48.89,3611.15,5909.57
5,2023-01-24,203.51,deposit,GBP,110,pending,1006,5.76,2232.87,2430.62
1,2023-01-25,1132.76,withdrawal,USD,101,pending,1005,23.35,4670.66,3514.55
7,2023-01-02,829.81,deposit,GBP,102,pending,1006,12.44,2602.05,3419.42
5,2023-01-30,2550.46,withdrawal,USD,103,failed,1001,72.65,698.37,-1924.74
4,2023-01-14,620.91,deposit,GBP,103,failed,1005,17.09,67.6,671.42
1,2023-01-21,427.65,withdrawal,USD,101,failed,1004,11.15,4544.35,4105.55
1,2023-01-01,550.29,withdrawal,USD,107,pending,1000,13.87,4836.86,4272.7
10,2023-01-17,1813.44,withdrawal,EUR,102,pending,1001,22.97,2981.76,1145.35
10,2023-01-25,1752.17,withdrawal,EUR,105,failed,1008,28.58,2453.76,673.01
10,2023-01-28,2146.9,deposit,GBP,109,pending,1003,57.39,4845.42,6934.93
8,2023-01-05,1707.44,withdrawal,USD,102,pending,1009,27.56,1366.34,-368.66
5,2023-01-11,1265.79,deposit,EUR,109,pending,1008,30.12,758.48,1994.15
4,2023-01-29,739.48,deposit,EUR,101,failed,1009,12.87,4624.1,5350.71
5,2023-01-30,2779.33,deposit,GBP,102,completed,1005,41.94,891.74,3629.13
6,2023-01-07,592.43,withdrawal,USD,102,pending,1004,12.92,2547.14,1941.79
3,2023-01-20,973.77,deposit,EUR,108,pending,1005,21.37,3811.18,4763.58
3,2023-01-08,1908.98,deposit,EUR,102,pending,1005,29.93,3095.2,4974.25
2,2023-01-06,1565.4,withdrawal,EUR,107,pending,1009,45.9,1234.57,-376.73
7,2023-01-10,1101.48,deposit,EUR,100,completed,1006,22.73,103.77,1182.52
1,2023-01-14,650.54,withdrawal,EUR,100,pending,1008,15.44,797.81,131.83
8,2023-01-27,2122.4,deposit,GBP,100,pending,1008,47.73,328.71,2403.38
10,2023-01-20,262.56,withdrawal,GBP,102,completed,1010,7.07,1350.79,1081.16
1,2023-01-03,412.69,deposit,EUR,108,failed,1002,7.15,3638.51,4044.05
7,2023-01-31,348.86,withdrawal,USD,106,completed,1010,8.05,3991.64,3634.73
9,2023-01-11,314.88,withdrawal,USD,100,completed,1007,6.2,3464.41,3143.33
2,2023-01-26,2351.73,withdrawal,USD,103,completed,1007,29.19,4657.41,2276.49
3,2023-01-07,1441.09,deposit,EUR,100,completed,1002,37.01,3870.41,5274.49
1,2023-01-30,367.95,deposit,USD,107,completed,1006,9.49,791.29,1149.75
4,2023-01-22,1479.76,deposit,EUR,105,completed,1002,41.16,3880.51,5319.11
6,2023-01-18,1902.85,deposit,USD,104,completed,1006,47.89,4968.71,6823.67
4,2023-01-23,2498.63,deposit,EUR,109,pending,1003,45.38,2311.33,4764.58
3,2023-01-16,2173.25,withdrawal,EUR,110,completed,1005,49.9,821.21,-1401.94
4,2023-01-11,2660.79,deposit,GBP,105,completed,1010,33.15,1094.84,3722.48
7,2023-01-07,1733.84,deposit,EUR,102,pending,1007,24.29,245.63,1955.18
9,2023-01-18,154.01,withdrawal,EUR,109,pending,1002,4.02,3.25,-154.78
5,2023-01-16,201.5,withdrawal,GBP,110,pending,1005,5.21,1434.09,1227.38
4,2023-01-27,1043.16,withdrawal,EUR,104,failed,1003,30.97,3377.73,2303.6
5,2023-01-05,1210.21,deposit,GBP,101,pending,1001,34.43,2309.87,3485.65
10,2023-01-03,1529.13,deposit,USD,101,pending,1010,18.19,2009.74,3520.68
7,2023-01-13,494.72,withdrawal,EUR,107,pending,1005,5.14,3111.42,2611.56
6,2023-01-29,2929.05,withdrawal,USD,100,pending,1008,48.87,3931.63,953.71
3,2023-01-25,296.77,deposit,GBP,105,completed,1004,5.27,3201.75,3493.25
7,2023-01-28,1238.72,withdrawal,USD,104,failed,1005,12.68,238.3,-1013.1
7,2023-01-03,1428.87,deposit,GBP,104,completed,1010,40.7,276.83,1665.0
9,2023-01-12,2457.02,deposit,GBP,102,pending,1008,61.37,282.48,2678.13
4,2023-01-15,1686.5,deposit,GBP,101,completed,1007,22.82,3201.69,4865.37
6,2023-01-11,2025.75,withdrawal,EUR,102,completed,1008,55.97,3597.83,1516.11
6,2023-01-06,2102.21,withdrawal,EUR,102,pending,1001,27.79,1415.05,-714.95
3,2023-01-30,1244.69,deposit,EUR,107,pending,1009,22.43,1609.68,2831.94
8,2023-01-02,2058.82,withdrawal,GBP,104,completed,1002,59.87,232.83,-1885.86
5,2023-01-31,2675.89,withdrawal,USD,101,failed,1005,61.95,381.91,-2355.93
6,2023-01-29,2290.36,withdrawal,GBP,109,pending,1001,44.55,169.76,-2165.15
2,2023-01-26,2050.06,deposit,GBP,110,pending,1007,50.11,4600.88,6600.83
7,2023-01-06,1120.17,deposit,GBP,106,completed,1007,20.68,4745.51,5845.0
9,2023-01-07,427.39,withdrawal,EUR,104,completed,1008,7.38,2878.49,2443.72
1,2023-01-16,1157.9,deposit,EUR,108,pending,1006,26.85,3308.74,4439.79
10,2023-01-23,2243.76,withdrawal,EUR,101,failed,1006,24.11,2389.52,121.65
4,2023-01-20,466.59,deposit,USD,104,pending,1008,5.37,1800.32,2261.54
7,2023-01-27,304.9,deposit,USD,108,failed,1006,4.53,3967.12,4267.49
7,2023-01-01,2044.91,withdrawal,GBP,109,completed,1000,32.76,3104.05,1026.38
1,2023-01-02,1375.96,deposit,USD,110,pending,1010,33.09,1990.61,3333.48
6,2023-01-25,2224.48,deposit,EUR,100,completed,1008,34.73,1761.44,3951.19
6,2023-01-03,1955.44,withdrawal,USD,110,failed,1000,55.67,3958.01,1946.9
2,2023-01-19,165.11,withdrawal,USD,108,completed,1000,2.06,2436.2,2269.03
7,2023-01-06,542.8,withdrawal,GBP,104,completed,1006,12.67,1482.16,926.69
8,2023-01-14,2306.5,deposit,USD,102,failed,1003,36.33,1417.87,3688.04
5,2023-01-26,2374.79,deposit,EUR,108,failed,1010,44.41,3194.48,5524.86
10,2023-01-28,819.29,withdrawal,USD,104,completed,1002,19.08,4431.2,3592.83
9,2023-01-13,2697.12,withdrawal,EUR,102,pending,1003,53.28,4095.13,1344.73
8,2023-01-03,2866.44,withdrawal,USD,109,pending,1001,59.49,190.04,-2735.89
3,2023-01-30,77.11,withdrawal,USD,106,failed,1001,1.63,2752.34,2673.6
7,2023-01-29,2985.31,withdrawal,EUR,109,failed,1005,88.94,2849.05,-225.2
1,2023-01-02,2923.21,withdrawal,USD,109,failed,1000,66.07,3286.69,297.41
4,2023-01-29,2227.47,deposit,USD,107,pending,1010,48.2,3141.24,5320.51
6,2023-01-13,833.07,deposit,GBP,108,pending,1001,22.87,2430.38,3240.58
5,2023-01-24,1518.22,withdrawal,USD,110,completed,1008,30.81,926.38,-622.65
6,2023-01-23,1917.01,withdrawal,EUR,102,pending,1008,27.66,729.87,-1214.8
4,2023-01-04,2861.79,deposit,USD,110,pending,1005,64.53,3576.12,6373.38
7,2023-01-14,125.92,withdrawal,EUR,108,pending,1005,2.71,360.93,232.3
6,2023-01-19,2464.62,deposit,EUR,102,failed,1007,53.88,4516.95,6927.69
10,2023-01-03,1534.68,withdrawal,USD,109,completed,1000,39.62,1608.23,33.93
5,2023-01-06,2584.94,withdrawal,USD,101,completed,1000,72.34,4121.45,1464.17
4,2023-01-07,935.3,deposit,USD,110,pending,1010,14.62,4872.89,5793.57
9,2023-01-30,1127.96,withdrawal,EUR,107,completed,1004,28.49,218.11,-938.34
3,2023-01-29,2340.57,withdrawal,GBP,104,pending,1008,30.1,1836.33,-534.34
4,2023-01-26,930.94,withdrawal,USD,102,completed,1009,12.42,2875.0,1931.64
2,2023-01-22,1670.47,withdrawal,GBP,110,completed,1007,39.29,4537.22,2827.46
2,2023-01-28,542.79,deposit,GBP,103,pending,1010,11.84,480.78,1011.73
9,2023-01-10,1572.78,withdrawal,USD,110,pending,1005,21.6,3090.28,1495.9
1,2023-01-14,75.28,withdrawal,USD,105,pending,1007,2.24,1616.93,1539.41
10,2023-01-10,2962.38,deposit,GBP,110,pending,1004,81.65,2118.92,4999.65
8,2023-01-21,888.31,deposit,EUR,102,pending,1010,26.11,1128.97,1991.17
5,2023-01-27,1745.16,deposit,EUR,101,completed,1002,21.55,3932.8,5656.41
4,2023-01-27,1781.74,deposit,EUR,104,completed,1005,25.76,2606.57,4362.55
9,2023-01-20,1380.74,deposit,GBP,100,failed,1008,16.92,140.07,1503.89
2,2023-01-24,291.42,withdrawal,USD,101,failed,1000,6.97,2445.51,2147.12
7,2023-01-24,2450.26,deposit,EUR,104,pending,1009,65.11,2012.35,4397.5
8,2023-01-22,869.8,withdrawal,EUR,106,failed,1008,24.09,4816.34,3922.45
6,2023-01-15,1268.47,deposit,EUR,106,pending,1003,37.37,4096.36,5327.46
10,2023-01-02,914.01,deposit,USD,109,completed,1004,18.43,1990.67,2886.25
6,2023-01-02,2148.08,deposit,USD,100,pending,1007,52.64,3306.0,5401.44
8,2023-01-09,2157.67,deposit,EUR,108,pending,1002,60.34,2278.09,4375.42
3,2023-01-18,1247.46,deposit,USD,110,completed,1000,34.56,3591.91,4804.81
3,2023-01-15,1158.81,withdrawal,GBP,109,completed,1001,24.33,2000.24,817.1
7,2023-01-30,759.11,deposit,EUR,103,pending,1000,9.38,4091.52,4841.25
1,2023-01-24,2095.45,deposit,EUR,104,pending,1000,54.6,2953.76,4994.61
4,2023-01-10,1758.38,deposit,USD,106,completed,1004,17.61,1805.07,3545.84
10,2023-01-11,2690.7,withdrawal,GBP,107,failed,1007,64.67,2143.52,-611.85
8,2023-01-28,303.15,deposit,EUR,110,pending,1005,3.49,617.84,917.5
8,2023-01-10,1659.71,deposit,USD,101,failed,1010,18.65,2770.8,4411.86
5,2023-01-15,835.44,withdrawal,EUR,100,failed,1000,12.87,3675.62,2827.31
3,2023-01-07,1933.33,withdrawal,EUR,105,completed,1000,22.98,1535.09,-421.22
4,2023-01-28,2338.61,withdrawal,USD,104,pending,1006,40.75,1958.55,-420.81
9,2023-01-22,154.72,withdrawal,USD,105,pending,1008,1.67,2260.94,2104.55
7,2023-01-14,889.38,withdrawal,GBP,108,completed,1002,14.68,3358.34,2454.28
5,2023-01-15,2896.61,withdrawal,EUR,109,completed,1006,67.52,3295.23,331.1
3,2023-01-28,317.76,withdrawal,GBP,100,pending,1008,5.75,3159.02,2835.51
10,2023-01-22,1807.34,deposit,USD,109,failed,1001,32.25,3096.88,4871.97
4,2023-01-31,2633.13,withdrawal,GBP,102,failed,1009,50.04,2935.53,252.36
6,2023-01-29,2123.37,deposit,GBP,108,completed,1000,37.15,1703.96,3790.18
7,2023-01-07,281.15,withdrawal,USD,107,pending,1005,7.06,776.8,488.59
10,2023-01-20,2579.45,deposit,USD,110,pending,1002,29.5,4874.82,7424.77
8,2023-01-07,2338.78,withdrawal,USD,105,pending,1004,63.54,4643.19,2240.87
3,2023-01-25,2177.85,withdrawal,USD,101,completed,1003,47.5,583.69,-1641.66
9,2023-01-20,1197.58,withdrawal,GBP,108,pending,1006,27.27,662.88,-561.97
10,2023-01-31,195.34,deposit,USD,101,completed,1009,5.35,4578.31,4768.3
4,2023-01-19,2020.07,deposit,EUR,108,failed,1010,42.35,204.37,2182.09
6,2023-01-22,1162.43,withdrawal,USD,104,pending,1004,27.36,4428.26,3238.47
8,2023-01-08,893.77,deposit,GBP,108,completed,1010,18.37,2512.4,3387.8
10,2023-01-09,1715.74,withdrawal,GBP,110,failed,1005,31.58,1504.51,-242.81
3,2023-01-12,174.86,withdrawal,EUR,100,completed,1006,2.18,4678.39,4501.35
9,2023-01-11,868.04,withdrawal,GBP,106,pending,1005,19.07,1069.39,182.28
10,2023-01-03,1696.28,withdrawal,GBP,100,failed,1003,46.66,1859.88,116.94
1,2023-01-31,1442.43,deposit,USD,109,completed,1003,15.67,1183.08,2609.84
4,2023-01-29,535.54,withdrawal,USD,110,pending,1007,15.57,3914.2,3363.09
4,2023-01-02,2319.95,withdrawal,EUR,107,pending,1002,30.33,1709.62,-640.66
5,2023-01-05,1668.46,deposit,USD,107,pending,1005,45.1,4031.72,5655.08
6,2023-01-07,2853.04,deposit,GBP,104,completed,1006,82.61,897.94,3668.37
5,2023-01-13,2516.16,deposit,GBP,106,completed,1000,51.74,4844.05,7308.47
5,2023-01-05,1361.38,withdrawal,EUR,106,completed,1002,21.34,1322.03,-60.69
10,2023-01-06,1036.46,withdrawal,EUR,101,failed,1000,18.01,0.47,-1054.0
8,2023-01-21,453.58,withdrawal,EUR,108,pending,1006,12.18,4856.56,4390.8
3,2023-01-30,1182.33,withdrawal,GBP,110,pending,1001,11.89,1039.54,-154.68
1,2023-01-26,276.85,deposit,GBP,104,completed,1004,7.25,2346.01,2615.61
4,2023-01-02,1790.92,deposit,USD,102,pending,1005,35.15,49.51,1805.28
1,2023-01-03,1313.95,withdrawal,USD,109,pending,1002,17.37,1674.07,342.75
4,2023-01-05,551.34,withdrawal,GBP,102,completed,1007,14.15,409.04,-156.45
6,2023-01-27,1565.46,withdrawal,GBP,109,completed,1002,45.43,4663.76,3052.87
2,2023-01-11,1715.8,withdrawal,GBP,103,completed,1008,51.16,3473.97,1707.01
4,2023-01-05,2022.87,withdrawal,USD,101,pending,1004,36.25,4395.12,2336.0
8,2023-01-20,1609.62,deposit,EUR,109,completed,1005,26.96,437.93,2020.59
9,2023-01-17,2229.4,deposit,GBP,110,completed,1006,42.25,1988.13,4175.28
4,2023-01-31,551.82,withdrawal,GBP,104,completed,1006,7.56,1286.97,727.59
1,2023-01-26,2498.77,deposit,GBP,110,pending,1003,47.73,3748.95,6199.99
6,2023-01-11,2546.07,withdrawal,GBP,110,pending,1000,36.97,4228.06,1645.02
3,2023-01-02,1081.84,deposit,USD,100,completed,1010,13.88,1402.83,2470.79
2,2023-01-05,1957.03,withdrawal,USD,108,failed,1002,34.21,3906.11,1914.87
3,2023-01-02,1570.14,deposit,USD,101,completed,1002,46.49,1079.14,2602.79
7,2023-01-04,1865.55,withdrawal,USD,109,pending,1007,46.66,826.74,-1085.47
9,2023-01-14,2546.12,deposit,USD,106,failed,1004,53.68,3338.22,5830.66
8,2023-01-04,1022.6,deposit,EUR,103,pending,1005,11.75,3992.03,5002.88
7,2023-01-02,175.17,deposit,USD,109,pending,1009,2.17,2553.49,2726.49
6,2023-01-14,78.43,deposit,EUR,101,pending,1002,1.46,4042.48,4119.45
4,2023-01-11,2885.86,deposit,EUR,103,failed,1002,29.12,2299.5,5156.24
5,2023-01-18,2958.84,withdrawal,EUR,106,pending,1000,77.56,2282.75,-753.65
9,2023-01-28,1847.69,deposit,USD,108,pending,1007,23.16,1315.6,3140.13
4,2023-01-14,1282.55,withdrawal,EUR,107,completed,1008,28.64,3492.75,2181.56
3,2023-01-19,2786.64,deposit,USD,109,completed,1001,78.19,1487.85,4196.3
10,2023-01-11,814.75,withdrawal,USD,102,pending,1004,17.4,4906.61,4074.46
5,2023-01-09,1687.71,withdrawal,EUR,107,completed,1006,41.1,4019.98,2291.17
9,2023-01-13,423.6,deposit,USD,110,completed,1006,5.42,581.86,1000.04
10,2023-01-25,237.57,deposit,USD,103,pending,1007,3.17,3305.54,3539.94
1,2023-01-09,297.01,withdrawal,GBP,100,pending,1006,5.56,351.89,49.32
1,2023-01-22,1558.22,deposit,GBP,109,completed,1006,39.98,2105.04,3623.28
8,2023-01-05,1101.91,deposit,USD,101,pending,1004,11.95,2872.08,3962.04
6,2023-01-14,164.8,deposit,EUR,105,failed,1007,2.01,788.57,951.36
7,2023-01-10,367.57,deposit,USD,108,failed,1001,10.86,3182.82,3539.53
7,2023-01-21,190.55,withdrawal,EUR,106,completed,1003,2.73,592.14,398.86
4,2023-01-16,203.15,deposit,USD,100,pending,1003,4.21,2273.59,2472.53
8,2023-01-20,1932.0,deposit,USD,102,completed,1005,45.25,1258.41,3145.16
10,2023-01-30,1452.34,withdrawal,GBP,110,pending,1007,28.55,4448.55,2967.66
4,2023-01-17,939.89,withdrawal,GBP,105,pending,1006,23.72,1177.52,213.91
5,2023-01-03,202.16,withdrawal,EUR,102,pending,1006,3.82,2773.62,2567.64
4,2023-01-05,2437.83,withdrawal,GBP,105,completed,1000,42.28,2995.29,515.18
6,2023-01-04,369.1,deposit,EUR,108,failed,1002,5.23,257.25,621.12
1,2023-01-03,1212.67,deposit,GBP,108,failed,1008,25.52,653.22,1840.37
7,2023-01-25,687.86,deposit,EUR,104,failed,1004,15.69,4340.2,5012.37
7,2023-01-23,1936.73,withdrawal,GBP,101,failed,1000,24.62,3051.4,1090.05
3,2023-01-31,1286.39,withdrawal,GBP,101,pending,1009,20.16,49.68,-1256.87
4,2023-01-21,269.26,withdrawal,USD,101,completed,1006,4.41,2432.53,2158.86
7,2023-01-28,1576.35,withdrawal,EUR,109,failed,1007,31.08,872.14,-735.29
6,2023-01-19,1374.37,deposit,USD,103,pending,1009,15.46,4789.61,6148.52
4,2023-01-29,547.0,deposit,GBP,102,pending,1000,10.85,3340.2,3876.35
4,2023-01-05,1996.25,withdrawal,EUR,107,failed,1006,21.52,2274.7,256.93
7,2023-01-20,1791.16,withdrawal,GBP,106,pending,1002,49.3,2637.06,796.6
8,2023-01-20,525.41,deposit,EUR,107,completed,1000,11.83,4689.35,5202.93
7,2023-01-11,466.2,withdrawal,USD,100,pending,1009,10.78,270.42,-206.56
1,2023-01-20,323.52,withdrawal,USD,100,pending,1007,8.36,4224.22,3892.34
5,2023-01-17,1027.83,withdrawal,EUR,103,pending,1009,11.46,4298.11,3258.82
7,2023-01-29,2706.59,withdrawal,EUR,108,completed,1002,36.94,4026.24,1282.71
9,2023-01-13,83.55,withdrawal,GBP,104,completed,1001,1.52,1067.42,982.35
3,2023-01-18,647.52,withdrawal,EUR,108,pending,1003,16.09,3650.82,2987.21
9,2023-01-26,530.81,deposit,USD,106,failed,1000,12.02,4377.93,4896.72
1,2023-01-15,532.91,withdrawal,GBP,107,failed,1001,12.41,1533.42,988.1
2,2023-01-24,220.32,deposit,GBP,100,failed,1007,4.05,922.38,1138.65
2,2023-01-08,564.36,withdrawal,EUR,100,pending,1001,10.5,1113.93,539.07
5,2023-01-25,79.78,deposit,EUR,105,completed,1000,1.59,90.9,169.09
7,2023-01-07,2252.77,deposit,EUR,110,failed,1004,58.38,2416.31,4610.7
2,2023-01-19,2956.65,withdrawal,EUR,108,completed,1001,50.48,3824.0,816.87
7,2023-01-29,1267.2,withdrawal,GBP,110,pending,1005,22.23,2904.24,1614.81
3,2023-01-01,1203.02,withdrawal,USD,102,pending,1010,35.64,1008.21,-230.45
6,2023-01-05,1676.67,withdrawal,USD,108,pending,1008,49.99,4747.12,3020.46
9,2023-01-06,1540.29,deposit,GBP,100,failed,1000,27.72,3701.87,5214.44
6,2023-01-31,2012.74,withdrawal,EUR,100,pending,1001,38.76,3846.36,1794.86
7,2023-01-22,2306.62,deposit,GBP,104,completed,1003,33.85,4891.37,7164.14
10,2023-01-31,486.85,deposit,EUR,105,pending,1007,10.23,4826.89,5303.51
8,2023-01-28,2135.11,deposit,GBP,107,completed,1004,31.94,3563.43,5666.6
6,2023-01-08,54.47,withdrawal,GBP,106,pending,1001,1.14,3110.78,3055.17
3,2023-01-11,839.71,deposit,GBP,101,completed,1003,15.51,4920.36,5744.56
7,2023-01-31,993.27,withdrawal,GBP,104,failed,1007,24.64,2712.03,1694.12
3,2023-01-11,2906.7,withdrawal,GBP,102,pending,1009,81.71,4535.31,1546.9
4,2023-01-25,694.58,withdrawal,GBP,101,completed,1005,15.8,3204.78,2494.4
8,2023-01-19,1391.53,withdrawal,USD,107,failed,1010,20.94,294.02,-1118.45
10,2023-01-29,2026.6,withdrawal,GBP,109,pending,1005,50.61,235.84,-1841.37
2,2023-01-19,1845.42,deposit,USD,110,completed,1005,28.39,1988.66,3805.69
6,2023-01-19,54.85,withdrawal,GBP,104,failed,1000,1.27,3412.59,3356.47
10,2023-01-26,2917.17,withdrawal,GBP,104,failed,1004,59.47,3472.66,496.02
9,2023-01-06,2344.95,withdrawal,EUR,103,failed,1000,50.07,4618.45,2223.43
3,2023-01-18,1958.73,deposit,GBP,101,failed,1003,32.11,1304.41,3231.03
6,2023-01-29,2666.95,withdrawal,EUR,102,pending,1008,53.44,294.34,-2426.05
1,2023-01-09,2653.37,deposit,EUR,109,completed,1003,55.53,4664.02,7261.86
9,2023-01-12,2471.57,withdrawal,USD,104,failed,1005,39.33,1216.78,-1294.12
2,2023-01-18,886.21,withdrawal,EUR,100,failed,1007,25.38,2795.88,1884.29
1,2023-01-27,1058.46,withdrawal,EUR,103,pending,1001,26.07,3095.93,2011.4
2,2023-01-06,2335.05,deposit,USD,106,completed,1004,59.41,28.03,2303.67
10,2023-01-18,277.13,deposit,USD,107,pending,1009,7.52,4470.17,4739.78
2,2023-01-07,1857.38,deposit,GBP,106,pending,1003,26.16,507.97,2339.19
8,2023-01-16,746.52,withdrawal,USD,109,failed,1005,20.59,3166.49,2399.38
2,2023-01-01,305.91,withdrawal,USD,101,failed,1006,5.02,1780.89,1469.96
9,2023-01-05,1132.49,withdrawal,USD,100,failed,1000,12.18,2943.85,1799.18
4,2023-01-05,1624.48,withdrawal,GBP,102,pending,1010,39.24,3896.24,2232.52
8,2023-01-20,1655.8,withdrawal,USD,100,completed,1005,37.57,1867.87,174.5
4,2023-01-04,2200.38,withdrawal,USD,108,failed,1000,45.28,1300.98,-944.68
5,2023-01-13,1208.37,deposit,EUR,107,pending,1000,17.71,1264.04,2454.7
6,2023-01-14,1344.19,deposit,EUR,100,failed,1010,33.84,4128.61,5438.96
4,2023-01-13,1906.31,deposit,USD,103,failed,1010,45.82,4868.89,6729.38
10,2023-01-09,573.12,deposit,USD,108,failed,1008,7.96,849.2,1414.36
8,2023-01-05,1857.71,deposit,EUR,106,completed,1007,28.3,1731.25,3560.66
6,2023-01-20,773.2,withdrawal,EUR,101,completed,1004,21.49,4806.31,4011.62
2,2023-01-26,1912.8,withdrawal,EUR,105,completed,1008,57.1,3141.12,1171.22
4,2023-01-09,2414.77,withdrawal,USD,102,failed,1001,63.41,1745.58,-732.6
8,2023-01-29,59.76,withdrawal,USD,108,pending,1003,1.3,3029.97,2968.91
1,2023-01-22,1944.4,deposit,USD,101,failed,1005,43.85,4867.47,6768.02
10,2023-01-08,2797.28,deposit,GBP,104,completed,1000,66.33,3599.21,6330.16
3,2023-01-23,758.92,withdrawal,GBP,107,completed,1007,22.69,3485.54,2703.93
2,2023-01-24,1384.47,withdrawal,GBP,103,completed,1002,15.72,2260.81,860.62
8,2023-01-31,2502.83,deposit,EUR,105,completed,1003,34.12,4433.66,6902.37
8,2023-01-19,1000.87,deposit,EUR,102,failed,1006,25.95,433.75,1408.67
10,2023-01-18,1706.04,withdrawal,GBP,110,completed,1004,46.65,1713.61,-39.08
7,2023-01-08,1038.66,withdrawal,USD,110,failed,1002,29.93,4561.65,3493.06
5,2023-01-13,770.87,deposit,USD,109,failed,1006,18.63,1977.39,2729.63
9,2023-01-04,1392.24,withdrawal,GBP,102,completed,1004,22.39,4299.45,2884.82
5,2023-01-11,116.72,deposit,EUR,109,completed,1000,2.65,4005.27,4119.34
5,2023-01-21,1866.81,deposit,USD,108,pending,1005,44.95,3913.71,5735.57
5,2023-01-07,1205.29,deposit,USD,110,failed,1008,24.37,2094.61,3275.53
8,2023-01-06,1720.71,deposit,GBP,102,completed,1008,31.29,2241.35,3930.77
10,2023-01-11,471.41,deposit,GBP,109,completed,1007,8.67,213.02,675.76
10,2023-01-02,1609.49,withdrawal,EUR,101,completed,1008,42.55,729.31,-922.73
1,2023-01-21,1763.6,withdrawal,GBP,101,completed,1002,22.25,1176.49,-609.36
6,2023-01-16,495.76,withdrawal,EUR,102,completed,1002,12.37,2058.42,1550.29
2,2023-01-13,2673.17,withdrawal,GBP,110,failed,1007,27.02,3817.23,1117.04
6,2023-01-17,1067.44,deposit,USD,103,pending,1008,22.44,1640.9,2685.9
7,2023-01-07,1665.77,deposit,GBP,102,failed,1000,36.84,595.6,2224.53
9,2023-01-29,2188.14,withdrawal,GBP,101,failed,1004,50.21,1243.81,-994.54
5,2023-01-30,376.1,deposit,USD,101,pending,1000,7.01,956.26,1325.35
1,2023-01-02,494.98,deposit,GBP,101,failed,1006,6.11,1431.87,1920.74
8,2023-01-12,2196.78,deposit,USD,110,failed,1002,36.76,4103.36,6263.38
3,2023-01-26,2622.51,deposit,GBP,108,failed,1008,78.26,2966.91,5511.16
8,2023-01-25,2641.58,withdrawal,GBP,103,completed,1004,75.92,3558.67,841.17
1,2023-01-27,1689.32,deposit,USD,100,failed,1009,33.19,1354.88,3011.01
1,2023-01-04,2750.07,deposit,USD,102,failed,1002,54.28,32.99,2728.78
4,2023-01-06,1943.51,withdrawal,GBP,104,completed,1010,22.56,3522.6,1556.53
5,2023-01-26,968.52,deposit,GBP,110,pending,1003,28.75,1363.61,2303.38
4,2023-01-24,2219.66,withdrawal,GBP,105,completed,1001,31.33,4132.33,1881.34
9,2023-01-04,2514.51,withdrawal,EUR,103,pending,1002,50.75,1359.12,-1206.14
10,2023-01-06,1778.46,deposit,USD,103,failed,1006,51.81,3523.32,5249.97
5,2023-01-13,1409.35,withdrawal,EUR,107,failed,1010,29.1,2878.63,1440.18
7,2023-01-30,975.52,deposit,GBP,108,completed,1004,18.1,4103.92,5061.34
10,2023-01-24,1475.26,deposit,USD,108,failed,1004,17.32,1544.56,3002.5
2,2023-01-02,2796.6,deposit,GBP,107,failed,1003,40.34,4585.36,7341.62
7,2023-01-07,1444.58,withdrawal,EUR,110,failed,1002,32.98,4445.65,2968.09
9,2023-01-20,2960.08,deposit,USD,100,failed,1008,76.44,4703.87,7587.51
5,2023-01-26,559.84,withdrawal,USD,103,pending,1001,15.66,1849.55,1274.05
10,2023-01-19,797.38,withdrawal,GBP,109,pending,1002,23.02,1403.5,583.1
1,2023-01-19,2697.66,deposit,GBP,101,pending,1003,50.52,2548.25,5195.39
6,2023-01-27,1015.07,withdrawal,USD,107,completed,1007,12.87,330.3,-697.64
9,2023-01-20,2597.47,deposit,USD,110,failed,1005,52.8,1867.2,4411.87
4,2023-01-11,380.07,deposit,EUR,106,completed,1004,6.45,3410.04,3783.66
9,2023-01-18,2100.54,deposit,USD,103,failed,1009,33.32,4510.79,6578.01
10,2023-01-02,2125.36,deposit,GBP,101,pending,1009,50.56,1176.77,3251.57
2,2023-01-15,561.95,deposit,USD,110,failed,1008,9.86,2231.92,2784.01
1,2023-01-21,1994.55,withdrawal,USD,106,completed,1001,28.7,4178.85,2155.6
10,2023-01-25,1299.96,deposit,GBP,106,completed,1000,26.54,883.32,2156.74
8,2023-01-26,856.61,withdrawal,GBP,100,failed,1006,21.47,609.5,-268.58
3,2023-01-10,1195.86,withdrawal,GBP,104,completed,1001,17.19,2398.05,1185.0
1,2023-01-07,1034.34,deposit,GBP,107,pending,1002,29.95,564.05,1568.44
10,2023-01-06,2911.25,withdrawal,USD,106,completed,1004,68.22,3366.08,386.61
7,2023-01-02,1459.63,deposit,EUR,108,completed,1005,23.9,4425.39,5861.12
2,2023-01-27,641.77,withdrawal,EUR,107,failed,1005,8.21,628.32,-21.66
9,2023-01-12,290.25,withdrawal,USD,108,failed,1001,5.71,3391.45,3095.49
5,2023-01-25,860.58,withdrawal,USD,103,completed,1008,18.93,3697.42,2817.91
6,2023-01-09,641.89,withdrawal,EUR,108,completed,1005,16.78,3211.84,2553.17
7,2023-01-07,1824.09,withdrawal,USD,102,pending,1001,30.04,2069.68,215.55
8,2023-01-09,2482.03,deposit,EUR,105,failed,1010,41.64,1356.09,3796.48
6,2023-01-26,2333.19,withdrawal,USD,106,failed,1004,57.86,3751.54,1360.49
2,2023-01-09,782.13,withdrawal,USD,106,pending,1008,18.44,396.49,-404.08
8,2023-01-05,2796.39,deposit,USD,104,failed,1003,65.13,3625.41,6356.67
5,2023-01-26,1137.49,withdrawal,EUR,100,failed,1000,13.24,475.03,-675.7
7,2023-01-30,2019.36,deposit,EUR,107,failed,1010,45.93,409.73,2383.16
4,2023-01-09,647.57,withdrawal,EUR,100,pending,1002,8.68,4117.49,3461.24
4,2023-01-05,104.02,deposit,GBP,103,pending,1002,2.05,1902.43,2004.4
3,2023-01-04,1630.21,withdrawal,GBP,102,completed,1007,33.31,384.35,-1279.17
9,2023-01-03,2493.78,withdrawal,USD,105,failed,1005,45.55,1151.88,-1387.45
1,2023-01-11,1016.11,deposit,EUR,110,completed,1003,22.87,4859.12,5852.36
10,2023-01-30,1159.46,deposit,GBP,108,completed,1002,18.13,388.05,1529.38
4,2023-01-31,1914.78,deposit,GBP,105,failed,1010,34.69,1518.63,3398.72
1,2023-01-19,2852.46,deposit,USD,110,pending,1008,81.82,4048.69,6819.33
2,2023-01-13,2850.57,withdrawal,USD,102,pending,1006,39.89,3483.55,593.09
9,2023-01-29,1813.18,deposit,USD,105,completed,1002,48.79,274.14,2038.53
8,2023-01-07,2126.32,withdrawal,EUR,105,completed,1001,56.72,841.64,-1341.4
10,2023-01-07,592.31,deposit,GBP,108,completed,1002,10.18,995.59,1577.72
2,2023-01-27,2775.51,withdrawal,USD,100,completed,1009,70.32,762.69,-2083.14
4,2023-01-03,2481.06,deposit,GBP,109,completed,1010,40.81,1687.79,4128.04
3,2023-01-27,2264.26,deposit,EUR,107,completed,1001,40.68,4151.54,6375.12
6,2023-01-07,347.38,deposit,EUR,100,failed,1010,9.1,1238.87,1577.15
10,2023-01-10,2160.54,deposit,GBP,108,pending,1010,48.1,2645.27,4757.71
10,2023-01-14,830.84,deposit,USD,104,pending,1005,13.4,2092.7,2910.14
6,2023-01-08,2641.49,withdrawal,EUR,105,failed,1001,72.88,4276.62,1562.25
8,2023-01-26,1033.98,withdrawal,GBP,101,completed,1000,23.96,4155.36,3097.42
6,2023-01-09,2723.11,deposit,GBP,104,pending,1005,31.82,703.35,3394.64
4,2023-01-16,2147.26,deposit,GBP,110,completed,1004,33.13,3623.46,5737.59
5,2023-01-07,2907.23,withdrawal,USD,102,completed,1008,84.55,1724.58,-1267.2
9,2023-01-14,2634.89,withdrawal,GBP,104,completed,1002,55.22,4081.0,1390.89
7,2023-01-08,1482.57,deposit,EUR,108,failed,1008,16.46,872.53,2338.64
5,2023-01-14,1213.13,deposit,USD,101,pending,1001,22.0,2593.66,3784.79
1,2023-01-29,325.0,withdrawal,GBP,106,failed,1002,8.84,2165.97,1832.13
4,2023-01-06,1998.97,deposit,USD,100,pending,1003,24.29,339.5,2314.18
2,2023-01-22,2926.16,withdrawal,GBP,106,failed,1010,67.04,2515.06,-478.14
7,2023-01-28,799.2,withdrawal,USD,106,pending,1010,17.38,1971.27,1154.69
4,2023-01-24,1747.33,withdrawal,USD,109,pending,1007,45.96,3091.04,1297.75
3,2023-01-28,2995.81,deposit,GBP,110,pending,1007,38.01,4993.63,7951.43
7,2023-01-31,803.44,deposit,EUR,105,failed,1001,8.13,3994.93,4790.24
2,2023-01-14,2877.48,withdrawal,USD,106,failed,1002,80.55,1064.81,-1893.22
1,2023-01-02,1852.7,deposit,EUR,105,pending,1008,46.91,4852.14,6657.93
7,2023-01-24,1540.35,deposit,GBP,109,failed,1003,27.4,3554.68,5067.63
1,2023-01-22,2880.83,deposit,USD,105,failed,1002,52.87,616.29,3444.25
2,2023-01-27,1823.33,deposit,GBP,100,completed,1003,39.16,2786.45,4570.62
6,2023-01-21,1788.73,deposit,EUR,108,failed,1007,29.83,200.05,1958.95
5,2023-01-29,267.42,deposit,GBP,106,completed,1004,4.03,3819.77,4083.16
7,2023-01-30,2484.51,withdrawal,GBP,104,failed,1004,63.59,2672.7,124.6
4,2023-01-07,1175.25,withdrawal,EUR,110,completed,1006,14.64,601.46,-588.43
8,2023-01-07,2265.82,withdrawal,GBP,109,failed,1003,33.51,2280.67,-18.66
6,2023-01-07,2368.98,deposit,EUR,110,completed,1000,65.98,3058.85,5361.85
8,2023-01-29,2093.49,deposit,EUR,109,failed,1007,38.2,4372.63,6427.92
10,2023-01-19,2498.03,deposit,USD,100,pending,1004,55.14,1228.07,3670.96
1,2023-01-22,756.47,deposit,USD,101,failed,1004,19.45,565.37,1302.39
5,2023-01-23,2376.12,deposit,USD,104,completed,1008,51.79,3147.72,5472.05
7,2023-01-27,117.93,withdrawal,EUR,101,pending,1008,1.18,2597.06,2477.95
3,2023-01-02,2386.67,withdrawal,GBP,110,failed,1001,42.81,1900.27,-529.21
1,2023-01-02,2357.68,deposit,GBP,103,failed,1002,48.05,4965.59,7275.22
10,2023-01-18,2773.56,deposit,EUR,103,failed,1008,76.95,3857.48,6554.09
9,2023-01-07,2494.51,deposit,EUR,104,completed,1006,59.4,1175.97,3611.08
6,2023-01-03,1757.77,withdrawal,GBP,109,completed,1009,29.41,1438.21,-348.97
9,2023-01-03,845.71,deposit,EUR,100,pending,1006,15.38,38.77,869.1
7,2023-01-10,1062.6,withdrawal,GBP,103,completed,1006,19.71,289.26,-793.05
10,2023-01-13,126.81,withdrawal,USD,101,pending,1004,2.35,4653.22,4524.06
9,2023-01-13,2875.18,withdrawal,EUR,102,pending,1005,76.0,1680.64,-1270.54
8,2023-01-25,1575.8,deposit,EUR,105,pending,1000,32.16,2167.81,3711.45
1,2023-01-28,2204.58,deposit,USD,100,failed,1000,23.74,1943.77,4124.61
9,2023-01-10,2625.67,deposit,GBP,100,completed,1008,74.58,331.22,2882.31
7,2023-01-07,2941.23,withdrawal,EUR,102,pending,1010,41.71,142.27,-2840.67
3,2023-01-05,574.13,deposit,EUR,102,pending,1009,9.47,2679.08,3243.74
6,2023-01-23,407.77,withdrawal,USD,103,pending,1004,11.35,1501.71,1082.59
8,2023-01-04,2293.64,withdrawal,EUR,108,pending,1002,26.76,2220.54,-99.86
7,2023-01-25,2151.92,deposit,GBP,110,pending,1006,53.1,1939.86,4038.68
5,2023-01-05,2919.24,deposit,USD,107,completed,1008,48.28,3922.83,6793.79
7,2023-01-31,270.81,deposit,USD,104,completed,1005,4.56,4583.56,4849.81
1,2023-01-11,2632.0,deposit,GBP,110,failed,1002,63.6,4762.25,7330.65
3,2023-01-23,2352.71,deposit,GBP,102,completed,1010,49.76,4042.02,6344.97
2,2023-01-16,462.33,withdrawal,USD,102,failed,1010,10.59,3492.24,3019.32
4,2023-01-11,2109.8,deposit,USD,106,pending,1007,57.13,989.8,3042.47
4,2023-01-25,307.86,deposit,GBP,106,failed,1001,7.48,1706.41,2006.79
9,2023-01-10,642.26,withdrawal,GBP,102,completed,1004,13.29,1588.58,933.03
10,2023-01-05,2417.39,withdrawal,GBP,102,failed,1002,40.31,2792.72,335.02
2,2023-01-14,2974.34,deposit,EUR,104,completed,1008,56.12,3627.46,6545.68
8,2023-01-04,242.63,withdrawal,GBP,106,failed,1008,4.36,4513.62,4266.63
7,2023-01-17,1118.8,withdrawal,USD,104,pending,1006,30.92,1454.25,304.53
4,2023-01-09,2136.09,deposit,EUR,110,failed,1004,41.78,2386.8,4481.11
2,2023-01-31,449.33,withdrawal,USD,105,pending,1010,12.95,219.28,-243.0
9,2023-01-14,2408.49,deposit,GBP,102,pending,1010,47.19,4414.46,6775.76
8,2023-01-25,193.37,withdrawal,EUR,106,completed,1010,2.65,3957.29,3761.27
5,2023-01-08,714.0,deposit,GBP,105,pending,1010,11.76,1566.3,2268.54
3,2023-01-23,2595.96,deposit,USD,105,completed,1001,43.16,2353.45,4906.25
8,2023-01-29,2118.23,deposit,EUR,103,pending,1007,54.11,4268.98,6333.1
8,2023-01-17,732.94,withdrawal,GBP,109,completed,1003,13.95,3683.92,2937.03
2,2023-01-18,2346.33,withdrawal,GBP,100,failed,1006,65.01,2349.31,-62.03
2,2023-01-31,2737.82,withdrawal,EUR,101,pending,1006,47.68,2822.42,36.92
3,2023-01-16,669.26,withdrawal,EUR,108,pending,1000,7.56,4763.87,4087.05
3,2023-01-10,2704.64,withdrawal,USD,107,completed,1010,61.31,4221.16,1455.21
1,2023-01-13,2381.85,withdrawal,GBP,103,completed,1003,30.46,620.2,-1792.11
3,2023-01-26,642.05,withdrawal,EUR,107,pending,1001,13.11,3153.12,2497.96
4,2023-01-11,1284.84,deposit,USD,110,completed,1009,23.84,2750.22,4011.22
7,2023-01-31,2184.56,withdrawal,GBP,100,pending,1002,30.59,3745.82,1530.67
10,2023-01-07,2620.8,deposit,EUR,106,pending,1007,54.24,1274.53,3841.09
5,2023-01-06,1944.29,deposit,EUR,101,failed,1002,48.17,3382.04,5278.16
8,2023-01-06,1513.17,withdrawal,USD,105,failed,1007,33.85,228.04,-1318.98
10,2023-01-18,544.79,withdrawal,USD,103,pending,1004,15.46,4756.49,4196.24
10,2023-01-31,2709.06,withdrawal,USD,105,failed,1001,71.81,4572.53,1791.66
7,2023-01-03,2713.02,withdrawal,GBP,110,pending,1009,55.4,2110.64,-657.78
2,2023-01-01,1376.19,deposit,EUR,106,pending,1010,20.54,2784.06,4139.71
10,2023-01-11,502.58,withdrawal,GBP,103,pending,1006,5.55,4946.98,4438.85
6,2023-01-06,1789.17,withdrawal,EUR,101,pending,1008,25.57,4835.12,3020.38
8,2023-01-31,676.59,withdrawal,EUR,110,failed,1006,7.69,1944.55,1260.27
6,2023-01-19,822.94,deposit,EUR,107,pending,1006,24.1,1549.36,2348.2
10,2023-01-05,123.46,deposit,GBP,107,failed,1009,3.44,1733.88,1853.9
3,2023-01-16,936.08,withdrawal,EUR,103,pending,1008,25.78,1270.91,309.05
6,2023-01-01,1398.57,deposit,GBP,107,pending,1008,15.46,2631.27,4014.38
6,2023-01-06,1332.53,deposit,GBP,101,pending,1010,18.29,2525.52,3839.76
9,2023-01-18,2192.33,deposit,USD,101,pending,1006,33.53,2455.27,4614.07
4,2023-01-19,842.8,withdrawal,USD,105,failed,1006,20.83,1481.08,617.45
